{
    "dt" : 0.000333333,
    "total_time" : 5.0,
    "cor" : 0.8,
    "objects" : [
	{
	    "filename" : "inputs/input.rb",
	    "mass" : 297.156672,
	    "inertia" : [76.843658, 0.545581, -0.571087,
			 0.545581,  76.838846, 0.585999,
			 -0.571087, 0.585999, 76.849205],
	    "position" : [0, 0, 5],
	    "amomentum" : [0, 1, 1]
	}
    ],
    "output_fname" : "rigid-%02d.%03d.obj"
}
